Unnamed: 0,Champion,Q,W,E,R,Kills,Deaths,Assists,Double Kills,Triple Kills,Quadra Kills,Pentakills,Gold Earned,Largest Killing Spree,Largest Multikill,Total Damage Dealt to Champions,Total Damage Shielded on Teammates,Total Heals on Teammates,Total Damage Taken,CS,CS/M,Win,Flee,Flash,Exhaust,Ghost,Ignite,Barrier,Mark,Teleport,Smite,Heal,Cleanse
,Vayne,54,0,13,8,7,5,3,2,0,0,0,12810,4,2,17820,0,0,18849,5,0.2,Yes,4,2,,,,,,,,,
,Blitzcrank,66,92,62,41,3,10,11,0,0,0,0,18382,2,1,24125,0,0,33656,133,5.0,No,,5,11,,,,,,,,
,Twitch,32,31,28,9,7,4,5,1,0,0,0,11583,5,2,14519,0,0,14840,92,6.1,No,,5,,7,,,,,,,
,Sylas,75,40,166,23,13,11,8,2,1,0,0,13791,4,3,20907,0,0,27953,83,5.1,Yes,,5,,,5,,,,,,
,Heimerdinger,52,77,32,6,2,1,1,0,0,0,0,7366,0,1,1988,0,0,4211,85,8.3,Yes,,1,,,,2,,,,,
,Belveth,129,60,38,3,2,8,6,0,0,0,0,11549,2,1,6634,0,0,23881,100,5.8,No,,6,,5,,,,,,,
,Yone,147,44,27,9,5,7,3,1,0,0,0,9510,3,2,45361,0,0,39470,0,0.0,No,2,3,,,,,,,,,
,Twitch,46,56,61,22,18,8,12,0,0,0,0,24942,5,1,70748,0,0,33276,223,8.1,No,,7,,7,,,,,,,
,Rumble,58,32,100,15,10,21,31,2,0,0,0,15730,2,2,44292,0,0,48414,68,2.8,No,,3,,,,,23,,,,
,Veigar,97,33,23,4,4,4,27,0,0,0,0,8202,2,1,11388,0,0,11809,31,2.5,Yes,,2,,2,,,,,,,
,Bard,52,101,3,5,7,8,23,0,0,0,0,13151,3,1,20524,0,3862,23445,40,2.2,No,,4,,2,,,,,,,
,Viego,76,44,41,18,17,10,13,3,1,1,0,15844,4,4,28370,0,0,30895,34,1.7,Yes,,4,,,,,22,,,,
,Viego,0,0,2,0,0,0,0,0,0,0,0,1685,0,0,0,0,0,111,0,0.0,No,,0,,,,,0,,,,
,TahmKench,157,15,12,9,1,3,3,0,0,0,0,11653,0,1,12553,0,0,58860,251,7.4,No,,,,5,,,,1,,,
,Karthus,316,6,79,3,1,3,2,0,0,0,0,5305,0,1,4162,0,0,14185,104,7.3,No,,2,,,,,,,8,,
,Senna,59,31,23,10,7,6,11,0,0,0,0,18370,3,1,55715,1126,2314,29943,0,0.0,Yes,4,2,,,,,,,,,
,Sylas,49,41,106,27,6,6,5,0,0,0,0,10521,3,1,20439,0,0,28369,0,0.0,Yes,3,6,,,,,,,,,
,Nami,58,60,45,13,2,6,3,1,0,0,0,7000,2,2,29743,863,5900,30635,5,0.2,No,0,3,,,,,,,,,
,Fiora,132,16,49,4,8,5,4,1,0,0,0,12326,4,2,12028,0,109,19104,94,6.0,Yes,,2,,2,,,,,,,
,DrMundo,130,21,56,8,5,10,31,1,0,0,0,15454,3,2,36030,0,0,101109,62,2.4,Yes,,3,,,,,17,,,,
,TahmKench,74,9,11,8,9,5,16,1,0,0,0,12431,4,2,17434,230,0,39120,14,0.8,Yes,,3,,,,,14,,,,
,Senna,60,39,23,10,10,12,48,1,0,0,0,17915,2,2,48133,5654,2731,34296,51,2.0,Yes,,4,,6,,,,,,,
,Kayle,95,117,78,3,3,3,10,0,0,0,0,13323,2,1,12598,0,4148,19014,103,6.0,Yes,,1,,3,,,,,,,
,Jayce,137,39,67,38,3,4,3,0,0,0,0,10487,2,1,12450,0,0,12181,80,5.4,Yes,,3,,,3,,,,,,
,Mel,92,20,52,6,11,8,21,1,0,0,0,13214,3,2,21155,0,0,20036,43,2.3,No,,4,5,,,,,,,,
,Kalista,38,5,33,3,11,10,16,2,0,0,0,12660,4,2,20848,0,0,20561,40,2.5,No,,2,,4,,,,,,,
,Twitch,23,25,13,9,11,10,30,2,0,0,0,12591,3,2,21192,0,0,22266,39,2.1,No,,4,,4,,,,,,,
,Galio,67,26,25,4,3,10,37,0,0,0,0,11888,2,1,18080,1166,348,43883,18,1.0,Yes,,2,,,,,26,,,,
,Pyke,48,31,27,15,11,10,12,1,0,0,0,12610,3,2,12877,0,0,26242,4,0.2,No,,4,,,,,19,,,,
,Rell,84,46,35,10,5,14,36,0,0,0,0,13287,0,1,26830,0,281,56225,18,0.8,No,,5,,,,,23,,,,
,Volibear,19,31,38,4,3,11,15,0,0,0,0,10549,2,1,13081,0,0,30271,24,1.3,No,,2,,,,,18,,,,
,Caitlyn,32,40,21,7,16,11,33,2,1,1,0,14346,6,4,39616,0,0,25313,30,1.6,Yes,,4,,3,,,,,,,
,Sivir,60,51,11,8,6,11,36,1,0,0,0,16593,3,2,31602,0,0,28427,125,5.5,No,,3,,4,,,,,,,
,TwistedFate,76,101,0,13,7,12,7,0,0,0,0,18806,3,1,63582,0,5282,52458,0,0.0,Yes,3,5,,,,,,,,,
,Nocturne,36,17,14,6,1,7,1,0,0,0,0,8775,0,1,7593,0,0,22454,1,0.0,No,3,2,,,,,,,,,
,Illaoi,29,31,35,13,3,6,3,0,0,0,0,8350,0,1,16884,1186,365,22481,4,0.2,No,4,2,,,,,,,,,
,TahmKench,84,7,11,15,5,6,4,0,0,0,0,9500,4,1,35731,0,0,50409,0,0.0,No,7,4,,,,,,,,,
,Sejuani,45,52,17,12,3,8,13,0,0,0,0,13059,2,1,46080,0,0,73103,1,0.0,Yes,19,1,,,,,,,,,
,Caitlyn,12,48,20,9,17,7,3,5,0,0,0,16247,6,2,56094,4112,0,34803,1,0.0,No,4,4,,,,,,,,,
,Neeko,98,57,68,13,9,14,33,1,0,0,0,16629,3,2,30791,0,0,36295,43,1.6,Yes,,4,,,,,23,,,,
,Karthus,310,35,41,5,3,12,34,0,0,0,0,11164,0,1,46565,0,0,27126,43,2.4,No,,2,,,,,23,,,,
,KogMaw,37,14,52,97,9,9,36,1,0,0,0,14829,2,2,38263,0,0,23704,41,2.0,Yes,,2,,4,,,,,,,
,Sett,19,20,25,6,7,12,24,0,0,0,0,12176,2,1,17869,0,0,39241,28,1.6,Yes,,3,,,,,26,,,,
,Corki,69,25,47,75,20,11,27,5,1,0,0,17188,3,3,63803,0,0,26609,89,4.4,No,,5,,,,8,,,,,
,Swain,125,57,95,18,7,10,42,2,0,0,0,16013,2,2,44231,0,0,57417,71,2.9,Yes,,,,6,,,27,,,,
,Hwei,139,45,66,14,13,13,34,1,0,0,0,19349,6,2,57724,2383,86,35424,97,3.4,No,,7,,,,,15,,,,
,Urgot,52,68,27,12,10,13,21,2,0,0,0,13293,3,2,20265,0,0,37876,55,2.7,No,,3,,,,,26,,,,
,Shaco,15,25,24,31,6,10,12,1,0,0,0,8846,2,2,10445,0,0,15906,10,0.8,No,,2,,,,6,,,,,
,Vi,44,0,52,11,8,5,3,1,0,0,0,10511,4,2,37984,0,0,33187,0,0.0,No,16,3,,,,,,,,,
,Taliyah,124,29,53,7,9,12,31,1,0,0,0,15106,2,2,32327,0,0,25578,32,1.4,Yes,,5,,,,9,,,,,
,Galio,43,21,21,2,2,8,37,0,0,0,0,9265,0,1,14576,755,219,22461,12,0.8,Yes,,2,,,,,17,,,,
,Sion,52,36,33,5,4,12,22,1,0,0,0,10456,3,2,23751,0,0,67121,19,1.1,No,,2,,,,,19,,,,
,Sett,13,14,17,6,5,11,17,0,0,0,0,11208,2,1,18616,0,0,37768,24,1.4,No,,2,,,,,19,,,,
,Diana,144,99,113,13,7,6,14,0,0,0,0,18021,3,1,38075,0,0,45506,304,7.0,Yes,,5,,,,,,,22,,
,Karthus,537,30,146,7,7,8,8,0,0,0,0,12937,3,1,30006,0,0,38097,211,6.2,No,,3,,,,,,,15,,
,Alistar,37,31,19,5,4,6,35,0,0,0,0,9706,2,1,8760,0,6216,27739,2,0.1,Yes,,5,,,,,21,,,,
,Gnar,54,3,22,4,8,10,11,0,0,0,0,12305,3,1,13518,0,0,38824,32,1.7,No,,5,,4,,,,,,,
,Mel,42,7,32,3,8,5,20,3,1,0,0,8543,4,3,11005,0,0,7979,22,2.1,Yes,,1,,2,,,,,,,
,Thresh,45,21,26,8,3,6,31,0,0,0,0,9795,2,1,13359,1764,0,17087,26,1.8,Yes,,7,,,,,16,,,,
,Udyr,6,37,65,54,5,5,12,0,0,0,0,17758,2,1,35425,0,500,54198,0,0.0,Yes,8,5,,,,,,,,,
,Jinx,31,59,11,7,8,6,12,1,0,0,0,12818,3,2,22546,0,0,15020,55,3.3,Yes,,2,,2,,,,,,,
,Kennen,72,20,36,10,2,15,35,0,0,0,0,11787,0,1,27600,0,0,33766,25,1.2,No,,2,,,,,21,,,,
,Malphite,43,23,37,12,15,17,20,1,1,1,0,14163,4,4,29880,0,0,32526,17,0.8,No,,2,,,,,29,,,,
,Karthus,630,20,198,10,9,6,15,2,0,0,0,16960,3,2,48314,0,0,43702,289,8.0,Yes,,2,,,,,,,16,,
,Urgot,59,30,47,16,11,5,8,1,0,0,0,18010,4,2,91454,0,0,96977,0,0.0,Yes,9,4,,,,,,,,,
,Twitch,22,22,12,9,5,8,7,0,0,0,0,10500,5,1,36908,0,0,32205,0,0.0,No,6,4,,,,,,,,,
,Zilean,392,166,109,11,7,7,11,0,0,0,0,15750,3,1,55089,2022,2874,61102,0,0.0,Yes,7,3,,,,,,,,,
,Shaco,52,48,44,31,11,12,10,1,0,0,0,20811,2,2,71971,0,0,48069,0,0.0,Yes,15,1,,,,,,,,,
,TahmKench,40,6,9,6,0,6,1,0,0,0,0,6000,0,0,10257,716,788,17720,0,0.0,No,4,2,,,,,,,,,
,Bard,91,187,4,13,11,9,44,0,0,0,0,17467,3,1,49254,0,4862,44054,53,2.1,No,,6,,7,,,,,,,
,Diana,136,98,113,14,4,10,15,0,0,0,0,17788,0,1,36869,0,0,56859,304,6.3,No,,2,,,,,,,21,,
,Vi,40,0,56,7,17,16,21,2,0,0,0,17078,3,2,46216,0,0,43153,35,1.4,No,,5,,,,,38,,,,
,Alistar,32,28,20,8,1,10,45,0,0,0,0,11175,0,1,7840,0,4959,40139,4,0.2,Yes,,10,,,,,27,,,,
,Smolder,233,94,45,17,19,13,37,1,1,0,0,23799,4,3,102096,0,0,51078,179,5.7,Yes,,5,,7,,,,,,,
,Aurora,112,25,58,5,11,6,9,3,0,0,0,9991,3,2,16669,0,0,15210,18,1.3,Yes,,4,,,,,12,,,,
,Ekko,65,28,42,6,12,13,20,3,0,0,0,14751,2,2,21552,0,0,35206,26,1.2,Yes,,3,,,,,28,,,,
,Shen,60,25,36,5,5,7,37,1,0,0,0,13153,2,2,19471,2256,0,43749,15,0.7,Yes,,3,,,,,25,,,,
,Xerath,96,43,35,60,10,6,39,0,0,0,0,14066,5,1,35174,0,0,15156,40,1.9,Yes,,3,,,,1,,,,,
,Bard,52,136,0,7,10,6,29,1,0,0,0,13076,3,2,29246,0,2838,19150,11,0.6,Yes,,4,,3,,,,,,,
,Vi,32,0,46,7,24,15,14,7,2,0,0,16451,5,3,40636,0,0,27878,18,0.9,Yes,,5,,,,,31,,,,
,Blitzcrank,41,36,29,27,5,16,36,0,0,0,0,16475,0,1,35456,0,0,44154,33,1.2,Yes,,15,,,,,29,,,,
,Bard,51,133,3,7,9,5,36,2,0,0,0,12292,3,2,23835,0,3331,21802,10,0.6,Yes,,3,,4,,,,,,,
,Poppy,54,39,45,10,7,10,26,0,0,0,0,13333,3,1,19762,0,367,42781,11,0.5,Yes,,4,,,,,27,,,,
,Zac,54,112,73,11,12,12,51,1,0,0,0,16504,4,2,48798,0,492,97299,24,1.0,No,,5,,,,,30,,,,
,Karthus,297,22,31,8,13,14,41,2,1,0,0,16264,4,3,46808,0,0,30204,88,3.9,Yes,,3,,,,,31,,,,
,Ivern,40,30,63,15,1,3,34,0,0,0,0,7619,0,1,4949,7243,210,8253,7,0.6,Yes,,2,,4,,,,,,,
,Kayn,39,72,67,23,9,13,22,0,0,0,0,15238,2,1,34999,0,0,35096,29,1.1,Yes,,6,,,,,30,,,,
,Caitlyn,39,34,17,4,14,6,19,2,1,1,0,12799,4,4,24791,0,0,16607,69,4.4,Yes,,3,,4,,,,,,,
,Gangplank,150,32,93,11,11,10,24,2,0,0,0,14402,3,2,34784,0,0,35505,56,2.6,No,,2,,,,,22,,,,
,Swain,132,57,114,22,4,14,44,0,0,0,0,15077,2,1,73129,0,0,85936,43,1.7,No,,,,7,,,33,,,,
,Milio,108,43,133,13,1,7,29,0,0,0,0,11810,0,1,16257,18815,13658,37930,31,0.7,Yes,,4,,,,,,,,9,
,TahmKench,41,17,2,4,7,1,5,0,0,0,0,5787,4,1,5830,569,274,10582,28,1.8,Yes,,1,,,,,,,,2,
,Kaisa,42,70,31,9,19,10,18,3,2,0,0,18614,5,3,36785,0,0,27537,119,5.0,Yes,,5,,6,,,,,,,
,Twitch,21,22,17,8,13,11,18,3,1,1,0,12626,4,4,25020,0,0,21326,38,2.1,No,,3,,5,,,,,,,
,Poppy,63,45,44,11,10,9,24,1,0,0,0,17486,2,2,33989,0,0,53205,14,0.5,No,,4,,,,,46,,,,
,Vladimir,82,14,28,7,0,6,5,0,0,0,0,7020,0,0,12467,0,2582,25996,1,0.0,No,7,2,,,,,,,,,
,Skarner,87,31,30,9,3,7,4,0,0,0,0,9500,0,1,24816,0,0,32517,0,0.0,No,7,2,,,,,,,,,
,TwistedFate,116,141,1,10,10,11,3,4,0,0,0,24064,4,2,54694,0,0,39126,1,0.0,Yes,7,5,,,,,,,,,
,Brand,82,76,62,10,4,5,12,0,0,0,0,11814,4,1,18340,0,0,29644,166,5.6,Yes,,4,,,,,,,16,,
,Rammus,105,87,61,11,6,8,11,1,0,0,0,13277,2,2,25005,0,355,43271,188,4.5,No,,7,,,,,,,24,,
,Diana,125,90,104,12,5,10,12,0,0,0,0,16232,2,1,29185,0,0,38686,270,6.9,No,,5,,,,,,,22,,
,Sivir,43,36,16,6,2,7,4,0,0,0,0,9500,2,1,26723,0,0,26269,0,0.0,No,4,3,,,,,,,,,
,Zeri,311,31,30,9,7,6,2,2,0,0,0,10327,5,2,48346,0,0,26623,2,0.1,No,6,4,,,,,,,,,
,Smolder,79,42,21,11,4,7,4,0,0,0,0,9750,2,1,29563,0,0,29077,0,0.0,No,9,4,,,,,,,,,
,Brand,76,66,51,9,0,10,0,0,0,0,0,6851,0,0,9940,0,0,31520,121,4.5,No,,3,,,,,,,14,,
,Diana,82,60,67,9,6,7,2,0,0,0,0,12540,2,1,12854,0,0,28640,174,5.8,No,,4,,,,,,,13,,
,DrMundo,127,37,49,12,14,8,2,5,0,0,0,14315,8,2,85052,3231,0,161894,1,0.0,Yes,11,4,,,,,,,,,
,Vayne,70,0,15,8,6,5,4,3,0,0,0,10500,4,2,42240,0,3182,25931,0,0.0,No,7,3,,,,,,,,,
,DrMundo,68,14,21,6,4,5,6,0,0,0,0,14503,3,1,24421,0,0,54580,0,0.0,No,6,2,,,,,,,,,
,Morgana,10,7,6,3,0,7,0,0,0,0,0,6500,0,0,1197,418,0,17044,0,0.0,No,1,0,,,,,,,,,
,Chogath,161,63,45,13,11,5,5,2,0,0,0,18794,4,2,51563,0,0,88421,0,0.0,Yes,6,2,,,,,,,,,
,Rell,89,44,38,11,3,6,8,1,0,0,0,10000,2,2,19740,0,0,40995,0,0.0,No,11,3,,,,,,,,,
,TwistedFate,66,68,1,5,1,7,4,0,0,0,0,8377,0,1,15442,0,949,15979,0,0.0,No,29,18,,,,,,,,,
,TwistedFate,36,56,0,3,1,6,3,0,0,0,0,7812,0,1,8469,0,0,17382,0,0.0,No,6,3,,,,,,,,,
,MasterYi,44,10,29,11,7,12,5,2,0,0,0,13010,2,2,41463,0,0,44641,0,0.0,Yes,8,5,,,,,,,,,
,Rell,91,44,52,9,2,10,37,1,0,0,0,12863,2,2,16443,0,331,49773,0,0.0,No,,5,,,,,36,,,,
,Brand,93,83,72,9,8,0,9,0,0,0,0,12979,8,1,17979,0,0,27627,203,6.9,Yes,,2,,,,,,,18,,
,Diana,73,42,55,4,2,0,6,0,0,0,0,7285,2,1,5458,0,0,12670,135,7.3,Yes,,0,,,,,,,10,,
,Sion,53,54,58,12,10,6,6,0,0,0,0,22900,6,1,82490,0,0,111902,0,0.0,Yes,14,5,,,,,,,,,
,Karma,60,28,49,35,3,7,6,0,0,0,0,9500,2,1,13504,4619,0,34241,0,0.0,No,4,3,,,,,,,,,
,Brand,88,59,62,19,4,5,17,0,0,0,0,21750,0,1,46981,0,0,48961,0,0.0,Yes,10,2,,,,,,,,,
,Braum,76,24,22,10,1,8,6,0,0,0,0,11250,0,1,13303,0,0,22208,0,0.0,No,5,4,,,,,,,,,
,Swain,108,37,88,15,8,9,1,2,0,0,0,10500,4,2,50367,0,0,45924,4,0.2,Yes,8,4,,,,,,,,,
,TahmKench,99,12,14,8,10,10,20,1,1,0,0,13874,3,3,41722,0,0,75340,20,0.9,Yes,,4,,,,,27,,,,
,Vayne,69,0,13,10,19,18,27,2,0,0,0,18667,3,2,40208,0,0,44305,69,2.7,No,,6,,8,,,,,,,
,Alistar,15,19,12,1,2,4,2,0,0,0,0,4792,0,1,3404,191,823,9704,16,1.0,No,,3,,,3,,,,,,
,Fizz,53,41,95,22,10,4,10,1,0,0,0,22518,3,2,45347,0,0,32466,0,0.0,Yes,8,6,,,,,,,,,
,Heimerdinger,82,105,42,10,6,6,8,1,0,0,0,12756,3,2,39752,0,0,34997,2,0.1,Yes,5,3,,,,,,,,,
,Sejuani,53,65,33,16,11,4,9,1,0,0,0,15562,11,2,50110,0,0,103834,0,0.0,Yes,8,3,,,,,,,,,
,Kled,54,0,27,8,6,6,5,1,0,0,0,10750,2,2,23399,0,0,38537,2,0.1,No,21,4,,,,,,,,,
,Jhin,33,27,29,17,10,7,7,2,0,0,0,15504,4,2,60149,0,0,31421,0,0.0,Yes,5,1,,,,,,,,,
,Nami,96,116,87,20,13,5,6,2,0,0,0,18000,12,2,73129,26312,31001,58201,0,0.0,Yes,10,4,,,,,,,,,
,Aphelios,38,28,0,9,6,8,5,1,0,0,0,9754,2,2,40158,0,0,25031,2,0.1,No,7,4,,,,,,,,,
,Jhin,42,26,19,28,12,6,6,2,0,0,0,16250,4,2,63525,0,1440,36514,0,0.0,Yes,12,5,,,,,,,,,
,Kaisa,35,21,33,3,6,6,1,2,0,0,0,9500,2,2,20116,0,1236,24347,0,0.0,No,4,3,,,,,,,,,
,Briar,49,80,29,13,13,2,9,3,0,0,0,19950,7,2,45684,0,0,68733,0,0.0,Yes,9,5,,,,,,,,,
,Jhin,36,30,36,38,8,6,8,2,0,0,0,13271,5,2,37005,0,0,33806,0,0.0,Yes,7,4,,,,,,,,,
,Nautilus,82,58,45,14,4,2,16,0,0,0,0,19300,3,1,32506,0,434,29045,0,0.0,Yes,20,13,,,,,,,,,
,Bard,83,110,10,8,8,6,8,0,0,0,0,11378,3,1,54364,0,4103,46409,2,0.1,No,5,2,,,,,,,,,
,TahmKench,86,10,13,22,10,5,5,1,0,0,0,13509,6,2,34526,0,3990,51252,0,0.0,Yes,7,3,,,,,,,,,
,Chogath,75,48,40,19,18,5,6,3,1,1,0,20750,7,4,91162,0,0,134775,0,0.0,Yes,13,8,,,,,,,,,
,Lucian,42,37,40,10,3,8,4,0,0,0,0,9510,2,1,27042,0,5674,26892,1,0.0,No,10,0,,,,,,,,,
,Ornn,62,56,39,24,10,5,7,1,0,0,0,20761,5,2,52837,2639,0,50131,0,0.0,Yes,11,3,,,,,,,,,
,Briar,57,96,29,10,11,4,13,2,0,0,0,14009,6,2,47474,0,0,40025,0,0.0,Yes,4,3,,,,,,,,,
,Naafiri,74,12,35,5,7,4,4,0,0,0,0,10500,7,1,18556,0,1172,19854,0,0.0,No,4,1,,,,,,,,,
,AurelionSol,80,13,40,11,8,6,6,0,0,0,0,11000,2,1,44417,0,0,37462,0,0.0,Yes,8,5,,,,,,,,,
,Smolder,97,44,29,13,13,6,6,3,0,0,0,20074,4,2,51980,0,0,38831,0,0.0,Yes,6,4,,,,,,,,,
,Camille,205,57,143,19,15,7,11,2,0,0,0,24322,6,2,93426,0,0,149024,0,0.0,Yes,16,3,,,,,,,,,
,Kindred,56,46,6,7,9,10,25,0,0,0,0,16547,3,1,40848,0,6559,30248,99,4.1,Yes,,3,,3,,,,,,,
,Nidalee,172,126,80,79,16,11,35,3,1,0,0,18808,5,3,43524,0,4211,36485,27,0.9,No,,5,,,,,14,,,,
,Nunu,42,43,106,14,9,15,31,0,0,0,0,13920,2,1,21703,0,0,64963,25,1.1,No,,5,,,,,24,,,,
,Naafiri,158,22,59,14,12,9,25,1,0,0,0,14808,3,2,36424,0,0,26511,45,2.1,Yes,,3,,,,,26,,,,
,Singed,9,37,59,13,5,7,11,0,0,0,0,11005,2,1,26872,0,0,68921,0,0.0,No,11,3,,,,,,,,,
,Aphelios,41,30,0,10,10,7,8,1,0,0,0,20011,5,2,60319,0,0,41853,0,0.0,Yes,8,5,,,,,,,,,
,TahmKench,88,10,12,20,4,5,10,0,0,0,0,12550,2,1,50620,990,1640,47316,1,0.0,Yes,8,3,,,,,,,,,
,Draven,69,62,21,11,11,4,7,2,0,0,0,15564,5,2,66076,0,0,25383,0,0.0,Yes,4,2,,,,,,,,,
,Chogath,151,70,52,17,11,6,5,2,0,0,0,15468,6,2,72427,0,0,144017,4,0.1,Yes,9,4,,,,,,,,,
,Lux,85,31,140,17,14,4,8,2,0,0,0,22310,6,2,52731,2474,0,21112,0,0.0,Yes,6,3,,,,,,,,,
,Pyke,66,49,39,9,8,6,9,0,0,0,0,12759,5,1,13751,0,0,26972,34,0.8,No,,5,,,5,,,,,,
,Naafiri,247,18,95,11,4,5,12,0,0,0,0,13787,2,1,21710,0,0,43720,209,5.7,No,,4,,,,,,,19,,
,Amumu,80,28,76,12,21,4,3,7,1,0,0,22775,13,3,83329,0,0,43155,0,0.0,Yes,5,6,,,,,,,,,
,Brand,61,51,42,17,9,7,9,1,0,0,0,17789,4,2,48362,0,6806,36594,0,0.0,Yes,4,4,,,,,,,,,
,Jax,68,75,69,15,9,7,4,2,0,0,0,12750,4,2,54602,0,0,61200,4,0.1,Yes,7,3,,,,,,,,,
,Smolder,109,27,21,10,15,5,7,3,0,0,0,14300,10,2,65590,0,0,33490,1,0.0,Yes,3,2,,,,,,,,,
,Ryze,179,60,183,0,2,8,6,1,0,0,0,10004,2,2,18390,0,0,32473,0,0.0,No,5,1,,,,,,,,,
,Smolder,76,28,16,9,7,5,8,2,0,0,0,10750,6,2,30685,0,0,27522,0,0.0,Yes,10,1,,,,,,,,,
,Gangplank,129,14,78,9,6,6,5,2,0,0,0,11454,2,2,25703,0,0,28724,0,0.0,No,9,2,,,,,,,,,
,Udyr,60,20,46,1,9,7,8,2,0,0,0,16250,6,2,30227,0,0,42668,0,0.0,No,8,4,,,,,,,,,
,Nocturne,27,17,12,14,3,6,8,0,0,0,0,10535,2,1,18412,0,0,21018,0,0.0,Yes,4,2,,,,,,,,,
,XinZhao,38,47,0,22,7,6,10,1,0,0,0,19850,3,2,70253,0,0,47033,0,0.0,Yes,6,6,,,,,,,,,
,Orianna,111,64,52,15,14,4,10,2,0,0,0,19020,4,2,68066,4842,3503,25391,0,0.0,Yes,6,2,,,,,,,,,
,FiddleSticks,36,29,31,9,5,6,2,0,0,0,0,8351,2,1,27474,0,0,30224,0,0.0,No,5,2,,,,,,,,,
,MonkeyKing,22,12,15,6,2,5,1,0,0,0,0,9250,0,1,16085,0,0,15465,0,0.0,No,9,1,,,,,,,,,
,Warwick,37,19,32,13,11,5,7,3,0,0,0,11250,4,2,28350,0,0,43374,0,0.0,No,9,4,,,,,,,,,
,Lillia,51,8,43,11,2,6,3,0,0,0,0,7030,2,1,11482,2614,433,23357,1,0.0,No,6,3,,,,,,,,,
,Nidalee,151,110,92,90,6,6,5,2,0,0,0,10500,4,2,26542,0,13092,64645,0,0.0,No,24,4,,,,,,,,,
,Vayne,79,0,28,16,7,8,10,2,0,0,0,14325,6,2,37042,3748,4988,41112,0,0.0,Yes,12,4,,,,,,,,,
,Diana,140,99,127,10,10,4,10,0,0,0,0,20355,4,1,32986,0,0,41363,340,8.1,Yes,,5,,,,,,,21,,
,Lillia,160,63,121,7,4,8,8,0,0,0,0,13076,3,1,16640,0,0,50551,227,6.1,No,,4,,,,,,,17,,
,Kayn,68,52,37,28,9,11,9,1,0,0,0,18000,2,2,44430,0,0,49581,0,0.0,Yes,16,9,,,,,,,,,
,Fiora,140,22,26,12,11,8,3,3,0,0,0,12500,8,2,82678,0,1376,86286,0,0.0,Yes,6,3,,,,,,,,,
,Bard,69,93,10,6,7,7,4,2,0,0,0,12510,4,2,27541,0,3761,32211,0,0.0,No,8,2,,,,,,,,,
,Ornn,42,42,27,18,5,5,9,1,0,0,0,10000,2,2,29560,0,0,32479,0,0.0,No,4,3,,,,,,,,,
,Briar,49,77,21,12,9,5,8,1,0,0,0,19750,6,2,38074,0,0,62649,0,0.0,Yes,4,4,,,,,,,,,
,Khazix,71,67,63,23,7,9,5,1,0,0,0,11010,3,2,33200,0,0,30331,1,0.0,No,18,4,,,,,,,,,
,Volibear,52,121,51,10,9,5,4,1,0,0,0,14250,4,2,46703,0,0,46287,0,0.0,No,9,4,,,,,,,,,
,Rakan,24,23,11,5,0,6,1,0,0,0,0,8004,0,0,4485,1901,365,25892,0,0.0,No,8,2,,,,,,,,,
,Azir,31,84,11,12,0,6,7,0,0,0,0,11265,0,0,26929,0,0,20109,0,0.0,No,4,3,,,,,,,,,
,Renata,98,27,68,11,9,7,4,1,0,0,0,11260,2,2,36777,4066,5429,46290,1,0.0,Yes,5,0,,,,,,,,,
,Ivern,151,30,161,20,10,4,12,0,0,0,0,18550,5,1,102130,35205,26792,29085,0,0.0,Yes,8,1,,,,,,,,,
,Kindred,31,28,4,5,3,10,4,0,0,0,0,7500,0,1,16194,0,930,16157,0,0.0,No,4,3,,,,,,,,,
,Kassadin,48,50,87,63,6,6,7,0,0,0,0,10250,3,1,38205,0,0,30582,0,0.0,No,13,1,,,,,,,,,
,Graves,67,39,36,7,1,6,3,0,0,0,0,6874,0,1,18802,3594,2589,29317,7,0.2,No,6,4,,,,,,,,,
,Jinx,33,43,18,9,16,1,6,5,0,0,0,17900,11,2,48120,0,0,26414,0,0.0,Yes,10,3,,,,,,,,,
,TwistedFate,63,95,0,3,2,9,2,0,0,0,0,7696,0,1,14713,0,0,17933,0,0.0,No,10,2,,,,,,,,,
,Taric,154,75,115,12,6,7,18,0,0,0,0,21250,2,1,34338,44428,8664,61061,0,0.0,Yes,12,5,,,,,,,,,
,Amumu,48,3,42,11,7,6,6,1,0,0,0,15000,3,2,37537,0,0,51650,0,0.0,Yes,9,5,,,,,,,,,
,TwistedFate,99,136,0,4,3,9,7,0,0,0,0,13009,2,1,53871,0,0,35277,0,0.0,No,8,4,,,,,,,,,
,Rengar,31,22,31,13,3,8,6,1,0,0,0,12000,2,2,21218,0,0,22402,0,0.0,No,8,6,,,,,,,,,
,Vayne,57,0,14,7,13,13,14,3,0,0,0,14698,3,2,28516,0,0,30568,67,3.2,No,,6,,5,,,,,,,
,Rammus,62,48,37,4,4,2,10,1,0,0,0,7933,3,2,7414,0,182,16987,115,5.9,Yes,,4,,,,,,,11,,
,TahmKench,148,11,14,21,8,6,4,0,0,0,0,18618,7,1,66176,0,0,71788,0,0.0,No,7,4,,,,,,,,,
,Bard,81,76,5,7,3,6,3,0,0,0,0,7252,0,1,23895,0,3536,30585,0,0.0,No,16,3,,,,,,,,,
,DrMundo,140,31,52,14,15,6,10,0,0,0,0,18500,7,1,63609,0,0,130202,0,0.0,Yes,14,2,,,,,,,,,
,Fiora,99,17,29,8,2,8,6,0,0,0,0,9750,0,1,34441,0,1258,31948,0,0.0,No,8,4,,,,,,,,,
,Volibear,18,32,20,4,2,6,1,0,0,0,0,6750,0,1,11667,0,0,17071,0,0.0,No,2,2,,,,,,,,,
,Caitlyn,26,50,19,5,15,8,30,1,1,0,0,13189,4,3,35284,0,0,18192,34,2.1,Yes,,8,,7,,,,,,,
,Taliyah,93,21,36,7,3,3,27,1,0,0,0,8558,2,2,16955,0,0,10686,18,1.4,Yes,,5,,3,,,,,,,
,Kaisa,45,31,33,5,6,7,27,1,1,0,0,11481,3,3,21009,0,0,17504,41,2.5,Yes,,5,,3,,,,,,,
,Pantheon,125,78,27,1,7,8,7,1,0,0,0,15300,3,2,35161,0,0,43488,1,0.0,Yes,9,2,,,,,,,,,
,Caitlyn,27,76,41,5,4,8,8,0,0,0,0,15903,2,1,31061,0,0,24937,0,0.0,No,6,4,,,,,,,,,
,Ornn,69,77,44,26,4,9,13,1,0,0,0,23950,2,2,51136,7179,0,69494,0,0.0,Yes,9,3,,,,,,,,,
,Ornn,57,71,32,21,4,6,2,0,0,0,0,11762,2,1,17439,0,0,42480,0,0.0,No,8,1,,,,,,,,,
,Syndra,166,132,64,19,19,1,6,3,0,0,0,22750,10,2,87931,0,0,19170,5,0.2,Yes,6,2,,,,,,,,,
,TahmKench,104,14,16,13,13,6,22,2,0,0,0,13567,3,2,36426,1604,0,49604,17,0.9,Yes,,10,,,,,33,,,,
,Vi,81,0,92,6,7,7,2,0,0,0,0,13068,2,1,15090,0,0,28822,189,5.8,No,,5,,,,,,,10,,
,TahmKench,102,20,7,19,20,5,3,5,0,0,0,18765,9,2,143307,1234,0,96803,0,0.0,Yes,8,4,,,,,,,,,
,Veigar,118,52,41,16,8,6,10,1,0,0,0,16250,4,2,38769,0,5592,32401,0,0.0,Yes,4,4,,,,,,,,,
,Xayah,36,35,28,7,7,6,2,0,0,0,0,9750,5,1,36036,0,0,24472,2,0.1,No,9,2,,,,,,,,,
,Rakan,68,65,58,14,5,8,9,1,0,0,0,16450,2,2,32476,4375,7248,68989,0,0.0,Yes,14,4,,,,,,,,,
,Galio,63,35,42,6,9,5,11,2,0,0,0,11556,5,2,44067,1921,0,51783,0,0.0,No,13,6,,,,,,,,,
,Caitlyn,18,50,14,6,3,7,4,1,0,0,0,13500,2,2,16061,0,0,21190,0,0.0,No,5,3,,,,,,,,,
,Taric,151,63,77,16,7,10,18,1,0,0,0,20807,2,2,58816,8255,9315,116593,0,0.0,Yes,12,6,,,,,,,,,
,Vi,79,0,91,6,4,5,3,0,0,0,0,11193,3,1,9030,0,0,28649,184,5.8,No,,3,,,,,,,15,,
,Skarner,64,31,36,11,9,6,6,2,0,0,0,15270,4,2,41284,0,0,53734,0,0.0,Yes,21,3,,,,,,,,,
,Jayce,95,55,67,47,9,5,7,3,0,0,0,20500,7,2,59416,2898,0,43526,0,0.0,Yes,1,3,,,,,,,,,
,Vi,73,0,84,7,10,0,5,0,0,0,0,11782,10,1,12956,0,0,14523,174,7.8,Yes,,3,,,,,,,13,,
,Gragas,73,39,85,13,4,7,10,0,0,0,0,13002,2,1,20813,1259,0,31987,0,0.0,Yes,5,4,,,,,,,,,
,Poppy,81,29,43,11,8,3,13,0,0,0,0,16260,3,1,33329,0,0,41146,0,0.0,Yes,9,5,,,,,,,,,
,Karthus,234,20,54,7,18,1,7,5,0,0,0,15000,17,2,61692,0,0,26769,0,0.0,Yes,9,3,,,,,,,,,
,Sion,63,54,49,11,10,6,5,3,0,0,0,16650,5,2,48762,0,0,50448,0,0.0,Yes,34,4,,,,,,,,,
,Ornn,56,63,27,19,6,6,6,2,0,0,0,10000,2,2,20503,0,0,28655,0,0.0,No,5,4,,,,,,,,,
,Ornn,64,66,35,31,2,6,2,0,0,0,0,6756,2,1,26968,3743,3791,32477,0,0.0,No,7,2,,,,,,,,,
,Kalista,21,5,6,2,0,7,1,0,0,0,0,6015,0,0,9943,0,0,15877,0,0.0,No,4,2,,,,,,,,,
,Darius,34,33,22,9,2,6,1,1,0,0,0,10750,2,2,17402,0,0,34862,0,0.0,No,7,3,,,,,,,,,
,Twitch,17,15,15,10,0,7,2,0,0,0,0,6250,0,0,14121,0,0,17436,0,0.0,No,6,3,,,,,,,,,
,Diana,143,97,115,11,12,6,8,0,0,0,0,18935,5,1,22173,0,0,35082,299,7.1,Yes,,4,,,,,,,19,,
,Zed,56,65,52,0,4,6,4,1,1,1,0,9750,4,4,24549,0,0,18021,0,0.0,No,17,2,,,,,,,,,
,Sona,124,170,77,34,3,9,18,1,0,0,0,13575,2,2,32306,15907,27357,101108,1,0.0,Yes,11,4,,,,,,,,,
,Annie,63,30,35,13,2,6,5,0,0,0,0,10954,0,1,18375,1555,0,17977,0,0.0,No,9,4,,,,,,,,,
,Belveth,79,25,18,4,2,7,2,0,0,0,0,6750,0,1,16826,0,0,26831,0,0.0,No,5,2,,,,,,,,,
,Xayah,30,24,20,7,4,6,4,0,0,0,0,14256,2,1,31645,0,0,19545,0,0.0,No,7,4,,,,,,,,,
,Nasus,102,87,59,11,9,8,8,0,0,0,0,13500,4,1,31022,0,0,59479,0,0.0,Yes,5,4,,,,,,,,,
,Yone,98,29,35,8,2,10,3,0,0,0,0,9500,0,1,35373,0,0,35021,0,0.0,No,3,4,,,,,,,,,
,XinZhao,32,50,0,10,4,6,3,1,0,0,0,7250,2,2,25016,0,0,27642,0,0.0,No,5,3,,,,,,,,,
,Quinn,40,9,57,3,2,8,7,0,0,0,0,10250,0,1,21350,0,0,25457,0,0.0,No,3,4,,,,,,,,,
,Khazix,53,45,29,17,3,6,5,0,0,0,0,7514,0,1,23782,0,0,27884,0,0.0,No,6,3,,,,,,,,,
,Vladimir,83,13,30,5,2,6,2,0,0,0,0,6500,0,1,19264,0,878,21083,0,0.0,No,4,1,,,,,,,,,
,Poppy,57,28,41,7,5,7,30,1,0,0,0,13578,2,2,26751,0,0,36206,11,0.5,Yes,,4,,,,,24,,,,
,Diana,117,77,101,8,2,6,7,0,0,0,0,12732,0,1,13165,0,0,34121,253,6.9,No,,5,,,,,,,16,,
,Diana,133,96,112,14,3,10,8,0,0,0,0,15181,0,1,21459,0,0,48237,272,6.0,No,,5,,,,,,,18,,
,Fiora,74,15,21,8,3,8,7,0,0,0,0,14000,2,1,27190,0,2130,43193,0,0.0,No,4,4,,,,,,,,,
,Ornn,51,45,40,18,2,6,10,0,0,0,0,14265,2,1,19650,0,0,35552,0,0.0,Yes,13,4,,,,,,,,,
,Twitch,27,18,20,16,4,5,14,1,0,0,0,18294,4,2,74417,0,0,41300,0,0.0,Yes,10,4,,,,,,,,,
,TahmKench,107,10,18,25,11,3,13,1,0,0,0,16510,6,2,78389,1693,0,63410,0,0.0,Yes,10,7,,,,,,,,,
,Nautilus,53,52,66,14,7,3,18,2,0,0,0,18250,4,2,29909,0,0,47831,0,0.0,Yes,3,1,,,,,,,,,
,Vi,116,0,148,16,10,11,10,1,1,0,0,18709,4,3,44280,0,0,53910,286,6.4,No,,6,,,,,,,15,,
,Diana,111,77,101,8,1,1,9,0,0,0,0,11698,0,1,10323,0,0,22348,260,9.4,Yes,,3,,,,,,,17,,
,Ornn,66,70,42,22,4,5,9,0,0,0,0,16000,0,1,37161,0,0,27114,0,0.0,No,10,4,,,,,,,,,
,Brand,56,46,45,12,3,7,0,0,0,0,0,6760,3,1,25877,0,0,16653,0,0.0,No,5,3,,,,,,,,,
,Ornn,35,37,23,11,7,9,0,1,0,0,0,7760,3,2,19319,0,0,23712,1,0.0,No,18,6,,,,,,,,,
,Alistar,44,47,36,8,3,6,7,0,0,0,0,13750,2,1,20034,0,2043,27294,0,0.0,No,8,3,,,,,,,,,
,Amumu,42,19,31,11,5,7,2,1,0,0,0,9750,2,2,19644,0,0,22647,0,0.0,No,4,1,,,,,,,,,
,DrMundo,103,22,31,11,3,5,8,0,0,0,0,10511,2,1,41148,0,0,62234,0,0.0,Yes,13,2,,,,,,,,,
,Kassadin,32,33,42,29,2,8,1,1,0,0,0,6758,2,2,17173,0,0,24508,0,0.0,No,3,2,,,,,,,,,
,Zyra,64,67,46,11,7,10,9,0,0,0,0,11275,3,1,46406,0,0,32114,1,0.0,Yes,21,1,,,,,,,,,
,Yone,93,38,21,9,4,9,4,0,0,0,0,10768,3,1,23575,0,0,22681,0,0.0,No,4,0,,,,,,,,,
,Zyra,76,75,51,9,5,7,13,0,0,0,0,13620,4,1,50869,0,305,29603,2,0.1,Yes,7,2,,,,,,,,,
,Aatrox,109,31,29,10,5,11,6,0,0,0,0,10762,2,1,21364,0,0,35401,0,0.0,No,2,2,,,,,,,,,
,Diana,114,83,80,10,2,7,10,0,0,0,0,12593,0,1,13208,0,0,31105,256,7.3,No,,3,,,,,,,16,,
,Lillia,100,42,48,3,2,5,5,0,0,0,0,7049,0,1,4549,0,0,27337,132,6.6,No,,2,,,,,,,10,,
,Kayle,26,27,35,6,4,8,4,0,0,0,0,9530,0,1,29867,0,983,43183,2,0.1,No,5,1,,,,,,,,,
,Karthus,177,24,63,7,11,10,7,1,0,0,0,16770,4,2,74690,0,0,59736,2,0.1,Yes,1,2,,,,,,,,,
,Kaisa,44,27,39,9,5,7,6,0,0,0,0,10575,2,1,23928,0,0,23180,1,0.0,No,2,3,,,,,,,,,
,Ornn,60,55,37,25,4,8,12,1,0,0,0,19000,2,2,33953,1622,0,57868,2,0.1,Yes,5,2,,,,,,,,,
,Ornn,35,35,22,15,2,7,4,0,0,0,0,9000,2,1,16354,209,0,24194,0,0.0,No,15,2,,,,,,,,,
,Twitch,27,19,16,11,5,10,3,1,0,0,0,14017,2,2,20147,0,0,24536,0,0.0,No,5,2,,,,,,,,,
,Kled,40,0,27,5,3,7,0,1,0,0,0,6760,2,2,16994,0,0,24366,1,0.0,No,4,2,,,,,,,,,
,Karthus,590,20,148,8,13,6,7,2,0,0,0,15771,6,2,29096,0,0,39488,235,6.7,Yes,,,4,,,,,,18,,
,Darius,40,53,19,2,2,6,2,0,0,0,0,4993,2,1,5923,0,0,18829,69,4.4,No,,3,,,,,,,8,,
,Camille,67,20,47,7,3,5,3,0,0,0,0,9500,3,1,17159,0,0,32828,0,0.0,No,2,2,,,,,,,,,
,Zyra,96,110,59,12,14,6,11,1,0,0,0,16950,4,2,61282,0,0,29882,0,0.0,Yes,2,3,,,,,,,,,
,Galio,64,46,46,6,3,5,9,0,0,0,0,13300,0,1,34988,2649,0,32782,1,0.0,Yes,4,3,,,,,,,,,
,Yuumi,89,26,80,10,3,5,8,0,0,0,0,10300,0,1,15790,25754,4814,13121,1,0.0,No,4,0,,,,,,,,,
,Varus,34,22,18,10,4,9,6,0,0,0,0,10510,0,1,37381,0,0,23664,0,0.0,No,5,4,,,,,,,,,
,Graves,41,20,39,10,10,5,4,3,0,0,0,12849,5,2,57394,0,0,34342,1,0.0,Yes,3,1,,,,,,,,,
,Vladimir,122,21,52,11,5,6,4,0,0,0,0,9766,2,1,30417,0,0,40046,1,0.0,No,6,1,,,,,,,,,
,Orianna,93,52,41,11,2,8,5,0,0,0,0,9500,0,1,30355,1369,0,21955,0,0.0,No,6,4,,,,,,,,,
,Twitch,27,16,17,13,5,4,16,1,0,0,0,16450,3,2,44813,0,0,25324,0,0.0,Yes,18,3,,,,,,,,,
,TwistedFate,26,62,0,4,2,7,8,0,0,0,0,10633,0,1,15752,0,0,17751,0,0.0,No,1,2,,,,,,,,,
,Nocturne,27,19,23,20,22,1,3,5,0,0,0,14060,12,2,60859,0,0,24686,0,0.0,Yes,1,0,,,,,,,,,
,Shaco,40,50,45,112,4,8,10,0,0,0,0,11800,2,1,24561,0,0,28479,0,0.0,Yes,2,1,,,,,,,,,
,Hwei,58,23,41,7,6,5,3,1,0,0,0,7510,4,2,21529,409,0,13450,0,0.0,No,2,1,,,,,,,,,
,Riven,186,64,96,22,14,5,2,5,0,0,0,10750,5,2,74682,0,0,71889,0,0.0,Yes,5,8,,,,,,,,,
,Chogath,64,46,29,18,7,6,8,0,0,0,0,13254,3,1,30807,0,0,90075,0,0.0,Yes,7,4,,,,,,,,,
,FiddleSticks,55,42,62,15,13,11,14,2,0,0,0,21258,7,2,94355,0,0,72183,0,0.0,Yes,3,3,,,,,,,,,
,Amumu,62,13,62,12,6,6,10,1,0,0,0,11004,3,2,44690,0,0,44273,0,0.0,Yes,14,4,,,,,,,,,
,Veigar,116,49,39,15,19,3,5,4,0,0,0,18650,13,2,74569,0,0,13373,3,0.1,Yes,3,3,,,,,,,,,
,Twitch,25,12,12,12,6,6,6,1,0,0,0,14984,3,2,41679,0,0,23900,1,0.0,Yes,7,4,,,,,,,,,
,Lulu,55,38,68,13,11,7,4,1,0,0,0,13040,9,2,50589,106,1771,48345,0,0.0,Yes,2,3,,,,,,,,,
,Jhin,50,45,28,30,9,5,8,1,0,0,0,15850,3,2,56111,0,686,24028,0,0.0,Yes,8,4,,,,,,,,,
,Syndra,115,97,46,11,9,5,4,2,0,0,0,11050,4,2,44098,0,0,19049,1,0.0,Yes,1,3,,,,,,,,,
,Yorick,59,32,59,8,2,8,9,0,0,0,0,10250,0,1,20078,0,587,37447,0,0.0,No,6,5,,,,,,,,,
,Samira,110,29,34,21,8,7,7,1,0,0,0,11009,4,2,47979,0,0,45735,0,0.0,Yes,14,8,,,,,,,,,
,Riven,104,27,39,9,2,7,6,0,0,0,0,7506,0,1,10452,0,0,26814,0,0.0,No,4,4,,,,,,,,,
,Soraka,75,40,22,8,3,8,4,0,0,0,0,13000,0,1,11881,0,14582,23949,0,0.0,No,7,3,,,,,,,,,
,Qiyana,107,93,33,18,16,5,5,2,0,0,0,18252,11,2,67409,0,0,56287,0,0.0,Yes,16,6,,,,,,,,,
,Renekton,42,33,45,13,8,7,4,0,0,0,0,14115,6,1,31669,0,0,53932,1,0.0,Yes,3,2,,,,,,,,,
,Zac,46,72,45,16,8,5,12,1,0,0,0,20500,5,2,26868,1401,0,75237,0,0.0,Yes,12,3,,,,,,,,,
,TahmKench,105,11,8,24,7,7,11,0,0,0,0,16020,3,1,55874,0,250,78531,0,0.0,Yes,17,2,,,,,,,,,
,Pyke,24,13,21,1,2,4,3,1,0,0,0,4004,0,2,6560,0,0,10431,0,0.0,No,3,3,,,,,,,,,
,Teemo,60,17,0,52,8,4,9,0,0,0,0,12762,4,1,52316,0,0,25781,1,0.0,No,7,4,,,,,,,,,
,Soraka,183,30,59,11,1,11,7,0,0,0,0,13500,0,1,16001,0,15409,52773,0,0.0,No,4,3,,,,,,,,,
,Fizz,68,77,286,24,11,8,7,2,0,0,0,23526,5,2,44857,0,0,38090,180,5.9,Yes,,5,,,10,,,,,,
,KogMaw,48,59,77,39,5,6,1,0,0,0,0,9900,2,1,12105,0,0,11559,77,5.6,Yes,,4,,5,,,,,,,
,Shen,91,32,77,8,5,11,7,0,0,0,0,12583,0,1,11402,3277,0,41472,59,3.0,No,,4,,3,,,,,,,
,Alistar,84,59,33,9,13,8,15,3,0,0,0,17339,8,2,28453,0,3389,39147,79,3.3,No,,9,,,7,,,,,,
,Tryndamere,36,25,160,8,5,10,6,2,0,0,0,17995,2,2,16383,0,0,39572,175,7.2,No,,6,,5,,,,,,,
,MissFortune,139,101,66,13,11,8,12,1,0,0,0,20185,5,2,29671,0,0,32699,152,5.8,Yes,,9,,8,,,,,,,
,Kaisa,73,84,64,6,5,15,9,0,0,0,0,14112,2,1,20965,0,0,38098,73,3.2,No,,8,,4,,,,,,,
,Lillia,98,19,103,9,7,7,5,1,0,0,0,12444,2,2,14448,0,0,22323,96,5.5,No,,6,,7,,,,,,,
,Belveth,206,52,50,5,4,5,8,0,0,0,0,12131,2,1,8714,0,0,24924,95,5.6,Yes,,6,,4,,,,,,,
,Kayle,92,71,60,4,5,3,5,1,0,0,0,13329,5,2,15455,0,701,17315,131,7.8,No,,4,,5,,,,,,,
,Draven,119,111,21,16,6,9,6,1,0,0,0,16172,4,2,21480,0,0,29992,126,5.5,Yes,,9,4,,,,,,,,
,Seraphine,88,30,106,9,4,5,3,0,0,0,0,10083,2,1,9052,496,47,10693,82,5.7,No,,5,,7,,,,,,,
,Ryze,283,35,279,4,4,5,2,0,0,0,0,13660,2,1,18614,0,0,24473,136,7.9,No,,6,,6,,,,,,,
,Nautilus,62,89,69,15,8,11,5,0,0,0,0,13778,2,1,17992,0,0,33443,96,4.8,No,,6,,3,,,,,,,
,Kaisa,101,82,56,8,7,2,6,1,0,0,0,13522,3,2,17571,0,0,13234,96,6.2,Yes,,5,,3,,,,,,,
,Chogath,141,50,20,9,2,5,4,1,0,0,0,9816,2,2,12485,0,0,21101,67,4.0,No,,5,,2,,,,,,,
,Graves,93,31,77,12,13,1,7,1,0,0,0,17660,7,2,27532,0,0,17749,146,8.6,Yes,,4,,3,,,,,,,
,Lillia,135,18,157,14,6,5,13,1,1,0,0,16921,3,3,42238,0,0,35305,118,5.1,Yes,,4,,7,,,,,,,
,Heimerdinger,119,134,45,8,10,6,11,1,0,0,0,15844,3,2,37232,0,0,20049,119,6.3,Yes,,6,,4,,,,,,,
,Poppy,145,101,60,12,6,7,8,0,0,0,0,16099,2,1,20096,150,161,48227,116,5.0,Yes,,6,,7,,,,,,,
,Nocturne,168,63,37,33,7,6,23,2,0,0,0,16448,3,2,36995,0,0,42002,97,4.0,Yes,,6,10,,,,,,,,
,Kayle,84,61,49,4,7,1,8,1,0,0,0,11451,5,2,8734,0,901,9624,116,8.3,Yes,,3,,2,,,,,,,
,Jhin,84,75,24,29,4,9,8,0,0,0,0,14042,0,1,24253,0,0,22510,144,7.3,No,,5,,9,,,,,,,
,JarvanIV,177,135,167,24,4,5,23,0,0,0,0,16281,2,1,35231,1315,0,39140,108,4.1,Yes,,5,,2,,,,,,,
,Ezreal,212,28,27,10,6,1,10,2,0,0,0,10061,3,2,13123,0,0,9416,86,7.0,Yes,,3,,4,,,,,,,
,Karthus,538,17,157,10,5,6,7,0,0,0,0,11534,2,1,22611,0,0,33397,189,6.1,Yes,,2,,,,,,,13,,
,Diana,129,83,112,7,8,2,7,0,0,0,0,14395,8,1,27836,0,0,26286,268,8.4,No,,4,,,,,,,18,,
,Karthus,536,41,14,17,8,7,27,0,0,0,0,15733,3,1,40712,0,0,24333,142,7.5,Yes,,1,,5,,,,,,,
,Vayne,96,0,5,9,8,2,2,1,0,0,0,13476,5,2,15176,0,0,14188,99,6.2,Yes,,4,,7,,,,,,,
,Poppy,67,54,43,9,1,8,6,0,0,0,0,9484,0,1,11122,0,108,26973,34,2.0,No,,3,,2,,,,,,,
,Corki,67,24,48,43,11,1,3,3,0,0,0,10119,9,2,8956,0,0,7597,82,7.2,Yes,,3,,3,,,,,,,
,Ashe,20,120,9,21,3,4,20,0,0,0,0,12199,2,1,21924,0,0,16505,77,4.4,Yes,,5,,8,,,,,,,
,Ziggs,151,68,58,12,7,0,11,1,0,0,0,10635,7,2,20955,0,0,5328,62,4.9,Yes,,2,,3,,,,,,,
,Caitlyn,61,33,22,13,12,9,8,2,0,0,0,20145,7,2,35449,0,0,22548,137,6.4,No,,6,,2,,,,,,,
,Viktor,72,23,131,10,7,4,9,1,0,0,0,16700,2,2,30077,0,0,22701,162,7.7,No,,3,,6,,,,,,,
,Sylas,96,46,169,24,9,11,8,1,0,0,0,15021,4,2,23829,0,0,34249,107,5.5,Yes,,8,,1,,,,,,,
,Quinn,93,3,32,15,7,12,8,1,0,0,0,14102,3,2,24156,0,0,34248,90,4.1,No,,6,,1,,,,,,,
,Viktor,82,22,146,20,7,1,8,0,0,0,0,13709,5,1,26418,0,0,5809,129,8.8,Yes,,4,,4,,,,,,,
,Mel,82,14,48,5,7,0,5,0,0,0,0,9056,7,1,10135,0,0,7710,77,7.1,Yes,,2,,3,,,,,,,
,Thresh,93,29,64,16,7,17,70,0,0,0,0,18158,3,1,29467,4571,0,81943,25,0.8,Yes,,12,,,,,31,,,,
,DrMundo,153,38,40,10,11,14,19,1,0,0,0,16608,2,2,32006,0,0,123343,37,1.4,No,,5,,,,,39,,,,
,Varus,64,12,56,10,3,3,12,0,0,0,0,11526,2,1,23101,0,0,12989,79,5.4,Yes,,4,,3,,,,,,,
,Gragas,198,46,54,10,4,7,7,0,0,0,0,13606,2,1,17768,0,0,23784,89,4.3,No,,6,,1,,,,,,,
,Belveth,221,51,49,2,1,10,6,0,0,0,0,15693,0,1,9791,0,0,45664,134,5.4,Yes,,5,,4,,,,,,,
,Bard,98,67,28,15,12,2,8,1,0,0,0,15321,8,2,21692,0,648,17245,113,6.3,Yes,,5,5,,,,,,,,
,Karthus,269,41,20,14,7,8,8,1,0,0,0,13984,5,2,43196,0,0,21822,106,5.7,No,,3,7,,,,,,,,
,Nautilus,36,75,77,9,5,6,6,0,0,0,0,10579,2,1,14084,0,0,19262,64,4.0,Yes,,5,,,8,,,,,,
,Kayle,115,118,105,9,13,1,4,3,0,0,0,16996,9,2,30423,0,3187,20555,182,9.7,Yes,,5,,3,,,,,,,
,Senna,129,41,28,11,6,6,12,1,0,0,0,14016,4,2,23334,706,2399,20340,89,4.9,No,,5,,5,,,,,,,
,Lillia,109,14,100,11,8,6,6,0,0,0,0,11863,2,1,28062,0,0,30366,99,5.7,No,,7,,4,,,,,,,
,Ahri,98,42,65,16,0,4,3,0,0,0,0,5958,0,0,7620,0,0,7277,66,6.3,No,,3,,1,,,,,,,
,DrMundo,152,29,19,8,1,6,1,0,0,0,0,6799,0,1,14294,0,0,22971,48,3.9,No,,4,,5,,,,,,,
,Nautilus,93,84,105,21,12,8,20,1,0,0,0,19698,3,2,44952,0,0,23862,122,4.9,Yes,,6,,2,,,,,,,
,Vayne,163,0,21,18,13,8,9,1,0,0,0,23201,4,2,100333,0,0,48783,174,6.1,Yes,,6,,5,,,,,,,
,Karma,175,41,96,66,2,7,10,0,0,0,0,13436,0,1,14223,3841,0,33563,69,3.2,No,,5,,8,,,,,,,
,Karthus,342,27,14,12,9,5,3,1,1,0,0,16271,4,3,43840,0,0,20045,176,10.0,No,,2,4,,,,,,,,
,Trundle,88,91,43,5,2,8,6,1,0,0,0,14378,2,2,8297,0,0,37279,116,6.1,No,,6,,5,,,,,,,
,Bard,73,48,11,12,11,10,16,2,1,0,0,16218,5,3,28667,0,257,33581,86,3.7,No,,3,,6,,,,,,,
,Swain,119,41,78,15,5,10,11,0,0,0,0,11797,2,1,16432,0,0,28686,59,3.5,Yes,,5,,5,,,,,,,
,Karthus,433,10,114,5,1,4,3,0,0,0,0,7516,0,1,6969,0,0,22328,159,7.1,No,,1,,,,,,,10,,
,Vayne,138,0,10,15,13,5,13,2,0,0,0,20866,5,2,49961,0,0,34631,140,6.2,Yes,,6,,8,,,,,,,
,Leblanc,94,181,73,35,11,3,10,0,0,0,0,17015,4,1,25481,0,0,23486,122,5.6,Yes,,2,,,9,,,,,,
,Nasus,130,30,75,8,3,3,6,0,0,0,0,10621,2,1,12318,0,0,21274,96,6.5,No,,5,,6,,,,,,,
,Bard,64,60,9,6,12,7,5,2,2,1,0,12558,6,4,19309,0,637,14917,68,4.7,No,,6,,5,,,,,,,
,TahmKench,130,26,11,9,5,5,8,0,0,0,0,12962,2,1,21402,120,0,43851,88,4.5,No,,7,,9,,,,,,,
,Jhin,40,69,15,21,4,11,6,0,0,0,0,10844,0,1,12539,0,0,26742,57,3.3,No,,8,,9,,,,,,,
,Caitlyn,78,45,23,15,1,2,3,0,0,0,0,12052,0,1,17121,0,0,15299,98,5.9,Yes,,2,,,,,,,,,1
,Yuumi,117,34,92,16,2,5,30,0,0,0,0,11191,0,1,12320,15410,8948,13703,8,0.4,No,,,10,,13,,,,,,
,Lillia,148,39,112,12,11,2,8,1,0,0,0,16061,6,2,25636,0,0,21596,121,6.7,Yes,,4,,6,,,,,,,
,Xerath,129,118,69,89,5,5,11,0,0,0,0,19567,2,1,39523,0,0,31860,155,6.1,No,,9,,4,,,,,,,
,Mel,163,11,124,5,9,8,8,2,0,0,0,16512,4,2,25314,0,0,24604,158,7.6,No,,6,,8,,,,,,,
,Belveth,174,52,41,3,4,10,3,0,0,0,0,12326,2,1,12007,0,0,25536,97,5.2,No,,6,,2,,,,,,,
,Zac,36,91,80,21,10,9,18,0,0,0,0,15218,3,1,28691,0,226,69128,45,2.2,No,,5,11,,,,,,,,
,Taric,59,27,91,8,3,10,10,0,0,0,0,9266,2,1,6671,1159,2400,29971,35,2.1,No,,6,,6,,,,,,,
,Lillia,82,24,102,7,10,0,5,2,0,0,0,11417,10,2,13061,0,0,9522,95,7.1,Yes,,3,,4,,,,,,,
,Hwei,144,33,92,13,2,10,19,0,0,0,0,13496,0,1,32510,566,0,25727,85,4.1,Yes,,5,,2,,,,,,,
,Twitch,26,41,28,5,5,1,3,1,0,0,0,7328,4,2,6904,0,0,5139,54,5.2,Yes,,2,,4,,,,,,,
,Caitlyn,84,63,34,17,3,8,2,0,0,0,0,13427,2,1,23114,0,0,16503,104,5.8,No,,4,,5,,,,,,,
,Kayle,94,121,95,7,4,6,8,0,0,0,0,18770,3,1,25835,0,5094,40121,179,6.5,Yes,,3,,3,,,,,,,
,Jinx,25,66,22,14,9,14,9,2,1,0,0,17074,5,3,25510,0,0,41262,107,4.6,No,,7,,8,,,,,,,
,Ornn,42,9,5,0,1,0,1,0,0,0,0,2054,0,1,1851,0,0,2386,6,1.5,Yes,,1,,1,,,,,,,
,Heimerdinger,77,135,42,8,0,4,4,0,0,0,0,11099,0,0,13836,0,0,15401,118,7.0,No,,2,,5,,,,,,,
,Aurora,363,52,151,12,6,6,9,1,0,0,0,13267,3,2,20916,0,0,23192,72,3.7,Yes,,4,,6,,,,,,,
,Rakan,54,89,85,11,0,6,21,0,0,0,0,11415,0,0,8542,2009,1853,36871,27,1.3,No,,7,,7,,,,,,,
,Swain,117,102,115,16,2,11,12,0,0,0,0,14192,0,1,13912,0,0,55943,72,2.9,No,,6,,11,,,,,,,
,Udyr,0,50,42,61,2,6,2,0,0,0,0,6540,0,1,4340,0,0,17070,40,3.4,No,,5,,5,,,,,,,
,Alistar,95,84,36,4,5,8,8,1,0,0,0,14406,4,2,17417,0,1930,40088,68,2.9,No,,6,,,10,,,,,,
,Singed,16,54,61,15,3,4,20,0,0,0,0,17065,2,1,26332,0,0,36486,113,5.1,Yes,,6,,12,,,,,,,
,Morgana,159,115,45,10,9,3,19,0,0,0,0,13266,6,1,17529,1144,0,24494,58,3.0,Yes,,6,,5,,,,,,,
,TahmKench,158,17,14,11,4,7,13,0,0,0,0,14027,2,1,23220,0,0,46589,82,3.5,No,,8,,12,,,,,,,
,Ryze,187,83,264,1,3,7,7,0,0,0,0,9050,0,1,18665,0,0,28421,77,5.1,No,,5,,6,,,,,,,
,Heimerdinger,106,126,59,17,3,6,14,0,0,0,0,15190,0,1,42827,0,0,25871,122,6.1,Yes,,3,,6,,,,,,,
,Diana,176,91,88,23,11,15,10,0,0,0,0,21947,2,1,43948,0,0,50206,147,4.8,No,,9,,,15,,,,,,
,Zilean,315,142,142,11,4,9,18,0,0,0,0,19583,2,1,14704,0,6685,44521,84,3.0,No,,5,,5,,,,,,,
,Shaco,56,194,62,291,6,3,16,0,0,0,0,19454,5,1,41287,0,0,28858,74,2.7,Yes,,4,,,15,,,,,,
,Karthus,301,33,11,9,5,4,8,0,0,0,0,10440,3,1,31139,0,0,11823,85,6.2,No,,3,6,,,,,,,,
,Caitlyn,56,47,34,13,5,11,6,0,0,0,0,14381,0,1,23951,0,0,24135,89,4.8,No,,8,,6,,,,,,,
,Mel,152,23,119,12,15,4,13,1,1,0,0,15817,6,3,39066,0,0,16047,122,6.6,Yes,,6,,6,,,,,,,
,Aatrox,158,29,39,11,2,10,4,0,0,0,0,10076,0,1,19448,0,0,27048,73,4.4,No,,5,,5,,,,,,,
,Ivern,95,12,133,37,2,2,3,0,0,0,0,9391,0,1,10053,8721,0,10083,42,2.6,Yes,,4,,2,,,,,,,
,Alistar,103,72,58,9,17,8,9,1,0,0,0,19612,5,2,38754,0,2483,34692,112,5.0,Yes,,5,,,13,,,,,,
,Nidalee,197,95,107,70,7,8,4,1,0,0,0,12524,2,2,19673,0,177,26541,87,4.8,No,,5,,2,,,,,,,
,Ashe,10,54,5,4,4,2,6,0,0,0,0,8847,2,1,12927,0,220,7768,158,7.0,Yes,,2,,,,,,,,3,
,Caitlyn,77,42,29,5,4,5,5,0,0,0,0,19113,2,1,24374,0,480,25849,330,7.0,Yes,,2,,,,,,,,5,
,Morgana,143,106,33,10,3,9,23,0,0,0,0,13264,0,1,17111,1129,0,28323,55,2.7,Yes,,6,4,,,,,,,,
,Veigar,123,18,27,8,5,2,3,1,0,0,0,7416,3,2,11014,0,0,6809,59,5.6,Yes,,2,,0,,,,,,,
,Senna,134,51,28,16,2,11,17,0,0,0,0,12070,0,1,10885,2111,3054,29050,41,2.1,Yes,,8,,6,,,,,,,
,Twitch,43,27,41,16,11,9,9,1,1,0,0,14880,4,3,34844,0,0,26383,88,4.4,Yes,,6,,6,,,,,,,
,Zac,42,115,74,12,8,10,10,1,0,0,0,12824,2,2,24138,0,235,51898,41,2.2,Yes,,7,11,,,,,,,,
,Ivern,116,61,96,21,5,5,15,2,0,0,0,11184,3,2,13901,8431,0,22453,23,1.3,Yes,,4,,2,,,,,,,
,Senna,147,61,33,20,7,4,26,1,0,0,0,16524,3,2,26834,3249,8956,27526,69,3.3,Yes,,6,,9,,,,,,,
,Jayce,214,77,139,66,10,13,11,1,0,0,0,21209,2,2,47863,0,0,34572,123,4.8,No,,6,,,9,,,,,,
,Gangplank,109,16,66,5,5,7,22,0,0,0,0,10992,2,1,21655,0,0,20503,48,2.9,Yes,,1,,,,,18,,,,
,Lissandra,25,11,16,5,4,5,10,1,0,0,0,6333,2,2,7997,0,0,8823,11,1.2,No,,1,,,,,12,,,,
,Swain,87,45,78,24,7,12,14,0,0,0,0,12323,4,1,34463,0,0,56930,58,1.6,No,,6,,,9,,,,,,
,Diana,113,83,86,5,5,5,5,0,0,0,0,14814,3,1,13021,0,0,27989,263,6.9,No,,2,,,,,,,16,,
,Twitch,20,11,13,5,8,5,20,0,0,0,0,9550,4,1,12005,0,0,10019,32,2.6,Yes,,1,,4,,,,,,,
,Karthus,241,31,29,5,7,11,18,1,1,0,0,11610,2,3,30960,0,0,23002,34,2.0,No,,2,,,,,14,,,,
,Diana,57,39,44,5,0,6,4,0,0,0,0,6304,0,0,6521,0,0,20021,106,5.4,No,,3,,,,,,,8,,
,Talon,45,100,98,2,1,3,1,0,0,0,0,5306,0,1,4148,0,0,17968,98,5.7,No,,1,,,,,,,9,,
,Ashe,8,63,15,10,5,7,11,1,0,0,0,11740,3,2,13331,0,795,21061,179,5.4,No,,2,,,,,,,,6,
,Karma,96,40,138,59,5,13,48,1,0,0,0,17299,2,2,22502,21744,0,53240,19,0.6,No,,4,,3,,,,,,,
,Nasus,54,37,81,8,12,12,37,2,1,0,0,18285,5,3,37948,0,0,43354,51,1.8,Yes,,2,,,,,13,,,,
,Briar,24,41,19,7,8,16,19,1,1,0,0,11533,3,3,26674,0,0,37087,11,0.6,Yes,,3,,,,,16,,,,
,Shen,32,13,17,2,3,4,14,0,0,0,0,6168,2,1,6487,344,0,10713,11,1.2,No,,2,,,,,7,,,,
,Diana,114,81,87,8,9,1,10,1,1,0,0,15001,6,3,21728,0,0,20440,282,9.2,Yes,,2,,,,,,,14,,
,Diana,99,68,88,9,1,9,9,0,0,0,0,11497,0,1,18174,0,0,40710,225,6.4,No,,3,,,,,,,11,,
,Alistar,30,30,27,6,1,10,31,0,0,0,0,9767,0,1,9074,0,6586,39224,5,0.3,No,,6,,,,,17,,,,
,Ivern,84,42,111,62,10,9,44,1,1,0,0,15096,3,3,33425,14100,1562,30605,16,0.6,No,,6,,,,,,,,10,
,TahmKench,112,13,21,14,5,14,26,1,0,0,0,15934,2,2,36222,267,0,99926,36,1.4,No,,5,,,,,29,,,,
,Jinx,21,81,28,16,7,12,23,2,1,0,0,11067,3,3,20654,0,0,23695,28,1.6,No,,4,,3,,,,,,,
,Diana,102,66,77,6,5,5,13,0,0,0,0,11704,3,1,19706,0,0,26780,176,6.3,Yes,,3,,,,,,,13,,
,Twitch,37,40,30,8,8,10,35,1,0,0,0,11832,2,2,23048,0,0,20795,27,1.5,Yes,,5,,5,,,,,,,
,Ornn,79,43,26,17,3,11,25,1,0,0,0,12309,2,2,21981,0,420,63270,20,0.9,No,,1,,,,,19,,,,
,Karthus,602,17,107,9,6,4,6,0,0,0,0,13158,5,1,27364,0,0,32295,226,6.6,No,,4,,,,,,,14,,
,Veigar,114,58,29,8,4,4,26,0,0,0,0,9812,2,1,18774,0,0,14811,20,1.4,Yes,,2,,2,,,,,,,
,Diana,54,34,44,4,5,0,1,0,0,0,0,6854,5,1,4315,0,0,13047,111,6.8,Yes,,1,,,,,,,7,,
,Viktor,109,53,144,66,9,12,44,0,0,0,0,21220,2,1,47024,0,0,34383,122,4.4,Yes,,6,,6,,,,,,,
,Pyke,38,24,27,9,3,6,12,1,0,0,0,8786,3,2,10651,0,0,18835,33,1.2,Yes,,4,,,7,,,,,,
,Diana,65,40,46,7,8,7,4,1,0,0,0,13240,3,2,13999,0,0,22309,143,6.4,Yes,,3,,,,,,,9,,
,Diana,97,70,78,9,2,10,6,0,0,0,0,11188,0,1,18713,0,0,34464,194,5.6,No,,4,,,,,,,13,,
,Lillia,90,33,34,2,0,2,4,0,0,0,0,5005,0,0,1482,0,0,21625,97,6.4,Yes,,1,,,,,,,9,,
,Shen,88,32,44,6,12,10,39,1,0,0,0,17622,2,2,38883,5566,0,66822,30,1.2,Yes,,4,,,,,30,,,,
,Diana,93,67,74,8,10,0,9,2,0,0,0,12294,10,2,20484,0,0,13876,176,6.2,Yes,,2,,,,,,,11,,
,Ezreal,159,30,20,12,7,8,26,0,0,0,0,12154,2,1,26387,0,0,18223,60,3.4,Yes,,4,,4,,,,,,,
